Location,Size (sq ft),Bedrooms,Bathrooms,House Type,Age (years),Price (MYR)
Penang,2372,1,1,Terrace,10,747644
Maleka,1287,2,2,Apartment,11,483032
Putrajaya,4219,5,1,Bungalow,18,1897634
Penang,1154,4,1,Apartment,27,594707
Langkawi,1178,2,1,Apartment,8,549624
Langkawi,3224,4,4,Bungalow,0,1962167
Putrajaya,1699,5,4,Terrace,10,679005
Kuala Lumpur,920,5,1,Apartment,30,322557
Langkawi,1323,4,1,Apartment,8,341201
Selangor,1784,2,1,Terrace,11,550231
Maleka,1062,4,4,Apartment,18,508406
Selangor,3834,1,1,Bungalow,9,2148048
Kuala Lumpur,2853,1,1,Semi-D,11,1979387
Langkawi,1065,1,1,Apartment,28,349858
Langkawi,2952,1,1,Semi-D,23,1456090
Kuala Lumpur,3619,5,2,Bungalow,13,2141206
Langkawi,4126,4,2,Bungalow,3,1824329
Langkawi,1913,4,2,Terrace,18,484560
Johor,2670,5,2,Terrace,2,880367
Kuala Lumpur,3495,3,2,Semi-D,17,1086651
Maleka,1147,5,1,Apartment,19,566849
Kuala Lumpur,2172,2,2,Terrace,16,956831
Maleka,933,2,2,Apartment,26,389034
Johor,2486,2,1,Terrace,3,699928
Kuala Lumpur,1102,4,1,Apartment,25,466827
Johor,2603,3,2,Semi-D,30,1388185
Penang,1429,4,2,Apartment,26,510515
Selangor,2072,1,1,Terrace,14,558109
Putrajaya,1521,1,1,Terrace,14,1006539
Kuala Lumpur,3362,4,4,Bungalow,7,2963786
Kuala Lumpur,2956,2,2,Semi-D,9,2075071
Langkawi,3318,3,1,Bungalow,6,2265837
Putrajaya,1072,2,2,Apartment,16,388122
Selangor,4631,5,2,Bungalow,14,2848486
Johor,2244,4,1,Semi-D,15,1655186
Johor,3695,1,1,Semi-D,21,1658240
Selangor,2582,5,1,Semi-D,9,1224731
Putrajaya,2505,2,2,Semi-D,18,1161483
Selangor,1476,2,2,Apartment,2,391277
Selangor,2579,3,2,Terrace,28,656552
Kuala Lumpur,755,4,4,Apartment,18,736856
Kuala Lumpur,4887,6,2,Bungalow,30,2061483
Langkawi,850,2,2,Apartment,12,212409
Selangor,1296,2,2,Apartment,24,199193
Putrajaya,4665,4,1,Bungalow,28,2122253
Putrajaya,2673,5,4,Semi-D,26,1323183
Selangor,2091,5,5,Semi-D,18,1339316
Johor,1781,2,1,Terrace,4,669257
Selangor,839,3,1,Apartment,7,526910
Kuala Lumpur,4773,2,2,Bungalow,15,2544767
Langkawi,1290,4,2,Apartment,8,169242
Langkawi,878,5,1,Apartment,2,536959
Kuala Lumpur,1961,3,3,Terrace,13,612461
Penang,3287,1,1,Bungalow,16,2629206
Selangor,2273,1,1,Terrace,18,380057
Kuala Lumpur,1584,3,1,Terrace,8,946455
Maleka,1280,1,1,Apartment,13,300624
Putrajaya,3678,3,1,Semi-D,0,1347495
Selangor,2125,3,1,Terrace,4,495386
Kuala Lumpur,3322,4,1,Semi-D,15,1468407
Langkawi,4571,5,5,Bungalow,13,2233859
Kuala Lumpur,2875,3,2,Terrace,25,857045
Penang,1006,2,2,Apartment,4,630303
Johor,3856,2,1,Bungalow,19,1650319
Kuala Lumpur,4612,3,2,Bungalow,2,2868513
Penang,3133,4,3,Semi-D,0,1080506
Langkawi,4862,2,1,Bungalow,19,2030130
Langkawi,4891,4,2,Bungalow,14,1973100
Johor,4000,5,2,Bungalow,5,2166443
Johor,4640,2,1,Bungalow,14,1988144
Johor,1631,4,1,Terrace,26,375235
Johor,4530,5,5,Bungalow,0,2925450
Penang,1401,1,1,Apartment,19,672679
Penang,3248,4,1,Semi-D,5,1422179
Maleka,594,4,3,Apartment,20,173139
Johor,3529,6,1,Bungalow,29,2410071
Johor,2829,3,3,Terrace,24,582522
Kuala Lumpur,3962,3,2,Semi-D,1,1038040
Maleka,2087,5,1,Terrace,16,755029
Langkawi,4191,6,3,Bungalow,20,2679654
Penang,1062,3,2,Apartment,18,521586
Langkawi,1265,2,1,Apartment,5,208836
Kuala Lumpur,702,5,2,Apartment,29,679345
Maleka,3304,5,4,Semi-D,28,1134875
Johor,2725,5,3,Terrace,10,545806
Maleka,2608,5,5,Semi-D,25,983888
Putrajaya,1620,3,2,Terrace,22,659813
Kuala Lumpur,2978,3,2,Terrace,26,622505
Maleka,3448,1,1,Bungalow,25,1681677
Johor,2078,1,1,Semi-D,25,1477770
Putrajaya,1322,3,1,Terrace,7,540068
Penang,1281,2,2,Terrace,11,740633
Putrajaya,1523,5,2,Terrace,23,642315
Maleka,2362,1,1,Semi-D,11,1427703
Johor,2735,4,2,Terrace,4,881554
Kuala Lumpur,1035,3,3,Apartment,26,532488
Selangor,2117,1,1,Semi-D,21,947532
Selangor,1257,1,1,Terrace,17,768110
Selangor,2069,3,2,Semi-D,25,1406690
Johor,1856,2,2,Terrace,10,388529
Putrajaya,909,5,4,Apartment,10,715177
Selangor,3959,5,5,Bungalow,13,1724768
Penang,1293,2,2,Apartment,5,416629
Maleka,2555,3,2,Terrace,21,740356
Penang,2971,2,1,Terrace,27,567048
Putrajaya,3496,2,1,Semi-D,20,1268785
Penang,1860,3,2,Terrace,11,590170
Penang,1236,3,3,Apartment,7,339663
Putrajaya,4815,4,2,Bungalow,23,2771586
Johor,2217,5,2,Semi-D,18,1548936
Selangor,2368,5,5,Semi-D,9,1311260
Johor,1354,4,1,Apartment,7,386397
Penang,2922,4,1,Semi-D,3,1935484
Maleka,2444,1,1,Terrace,28,443964
Putrajaya,2823,2,2,Terrace,13,896997
Langkawi,2644,5,1,Semi-D,14,1634065
Selangor,2738,3,3,Terrace,9,476709
Langkawi,4288,4,3,Bungalow,24,2501077
Johor,2701,3,2,Terrace,20,331893
Maleka,2629,4,1,Terrace,0,798649
Putrajaya,1156,3,2,Apartment,25,425329
Selangor,2500,4,2,Terrace,18,724116
Selangor,3727,4,3,Bungalow,18,2506269
Penang,2116,4,4,Semi-D,7,1654561
Penang,3627,2,2,Semi-D,27,1589568
Johor,2787,1,1,Terrace,12,506654
Johor,3075,1,1,Bungalow,13,2690624
Selangor,3541,2,1,Bungalow,19,1972966
Maleka,2443,4,2,Terrace,15,426564
Kuala Lumpur,1370,3,3,Terrace,15,811332
Johor,1365,3,1,Terrace,10,851071
Penang,3521,2,1,Bungalow,28,2429600
Putrajaya,1240,4,2,Apartment,28,587294
Penang,2570,1,1,Semi-D,8,1708691
Johor,2804,5,1,Semi-D,15,1887690
Kuala Lumpur,3005,5,2,Semi-D,0,1425341
Penang,3647,4,3,Semi-D,23,2180009
Johor,4889,5,4,Bungalow,17,2057737
Penang,1419,5,4,Terrace,19,640152
Maleka,4936,1,1,Bungalow,25,1723236
Johor,1697,3,3,Terrace,23,304534
Maleka,1083,5,2,Apartment,5,493711
Selangor,906,2,2,Apartment,21,338370
Putrajaya,3646,3,1,Semi-D,28,1346283
Kuala Lumpur,562,1,1,Apartment,29,674616
Putrajaya,1204,4,1,Terrace,1,561341
Selangor,1605,3,3,Terrace,19,423499
Penang,2990,4,2,Semi-D,17,1317952
Kuala Lumpur,3663,2,2,Semi-D,29,1851953
Penang,3870,3,3,Semi-D,1,2023869
Putrajaya,986,4,3,Apartment,24,379373
Selangor,3270,3,2,Semi-D,5,1305945
Johor,4064,4,3,Bungalow,13,2063501
Selangor,1138,3,1,Apartment,3,490870
Maleka,3386,4,4,Bungalow,27,2897736
Maleka,2878,2,2,Semi-D,16,886877
Putrajaya,1645,5,4,Terrace,8,836224
Putrajaya,889,2,2,Apartment,17,681624
Selangor,4144,3,3,Bungalow,26,3102808
Kuala Lumpur,2809,5,4,Semi-D,22,1381157
Langkawi,981,1,1,Apartment,8,274206
Selangor,1876,5,5,Terrace,23,671663
Maleka,3668,2,1,Semi-D,4,1937935
Putrajaya,3598,2,2,Bungalow,10,2294152
Putrajaya,744,5,1,Apartment,19,376984
Selangor,2586,4,1,Semi-D,15,1266865
Penang,1233,5,2,Apartment,10,619998
Maleka,2323,4,3,Terrace,2,654223
Maleka,4683,4,1,Bungalow,8,1842790
Putrajaya,4707,4,1,Bungalow,2,2399941
Penang,3771,6,2,Bungalow,6,2025463
Langkawi,3218,3,2,Semi-D,0,924985
Langkawi,3878,2,1,Semi-D,20,2025256
Langkawi,3201,4,3,Semi-D,14,1795978
Penang,2318,1,1,Terrace,20,577889
Penang,3908,5,3,Bungalow,28,2381107
Maleka,3315,3,1,Semi-D,9,1203527
Penang,1533,1,1,Terrace,14,869449
Penang,2544,1,1,Terrace,1,640005
Langkawi,1348,3,2,Terrace,15,441116
Kuala Lumpur,3613,5,1,Semi-D,11,1662287
Langkawi,2271,2,1,Semi-D,0,1663918
Kuala Lumpur,1518,1,1,Terrace,27,862007
Penang,960,1,1,Apartment,13,356528
Maleka,3283,5,5,Bungalow,11,1841651
Putrajaya,2828,5,2,Terrace,21,727715
Maleka,718,2,2,Apartment,15,225582
Langkawi,3983,6,3,Bungalow,22,2563339
Kuala Lumpur,894,2,1,Apartment,7,567374
Penang,3964,1,1,Bungalow,9,2601342
Langkawi,733,3,1,Apartment,16,498436
Kuala Lumpur,1919,2,2,Terrace,17,768452
Putrajaya,2862,3,1,Terrace,23,512048
Kuala Lumpur,960,1,1,Apartment,13,401560
Selangor,4993,2,2,Bungalow,1,2602241
Penang,1814,1,1,Terrace,29,548173
Maleka,2695,5,4,Semi-D,15,1999609
Maleka,2178,5,4,Terrace,17,811487
Putrajaya,2009,5,1,Terrace,27,477660
Penang,1249,2,1,Apartment,0,532054
Langkawi,3690,3,2,Bungalow,4,1961439
Putrajaya,3311,5,5,Semi-D,25,1409854
Selangor,3147,6,3,Bungalow,15,1998609
Putrajaya,1193,4,4,Apartment,12,344253
Johor,1136,3,2,Apartment,2,154013
Penang,3003,3,2,Semi-D,6,2256138
Kuala Lumpur,3586,5,1,Bungalow,0,2988156
Putrajaya,3464,6,5,Bungalow,4,2784896
Langkawi,3775,3,1,Bungalow,15,2383479
Putrajaya,3834,2,2,Bungalow,29,2706622
Penang,991,2,1,Apartment,12,364997
Putrajaya,2486,4,4,Terrace,10,691385
Kuala Lumpur,2621,2,1,Terrace,12,1079517
Putrajaya,1208,2,1,Terrace,10,678334
Johor,4048,4,3,Bungalow,8,1578700
Johor,2448,4,2,Semi-D,8,1629936
Penang,2623,4,2,Semi-D,30,1443706
Johor,3252,6,6,Bungalow,20,2782337
Maleka,1115,4,3,Apartment,19,402569
Maleka,2819,2,2,Semi-D,22,1635299
Maleka,4972,3,1,Bungalow,5,2431670
Penang,2217,3,1,Semi-D,10,1069498
Maleka,1474,3,3,Apartment,13,242589
Putrajaya,4096,4,1,Bungalow,6,2904079
Langkawi,1884,2,1,Terrace,22,352083
Putrajaya,2869,1,1,Semi-D,10,1749892
Maleka,3195,4,4,Bungalow,28,2004655
Langkawi,3329,3,1,Bungalow,19,2015699
Putrajaya,2384,4,3,Semi-D,7,1623468
Selangor,1013,5,3,Apartment,2,397119
Maleka,1212,3,2,Terrace,4,303207
Putrajaya,3254,2,2,Semi-D,18,1498371
Maleka,2617,5,5,Semi-D,11,897554
Maleka,3291,1,1,Semi-D,10,1638190
Langkawi,1345,4,4,Terrace,3,670569
Putrajaya,1329,4,2,Apartment,9,304508
Penang,1136,5,4,Apartment,19,385558
Selangor,1655,4,4,Terrace,9,335198
Selangor,2509,5,1,Terrace,23,541030
Langkawi,1237,2,1,Terrace,26,422662
Putrajaya,1943,1,1,Terrace,23,635267
Putrajaya,3040,5,4,Bungalow,4,3196789
Maleka,3328,6,2,Bungalow,18,2508186
Maleka,2419,1,1,Semi-D,29,1723662
Putrajaya,1126,1,1,Apartment,29,648798
Selangor,2127,3,3,Terrace,30,574026
Penang,3648,2,2,Semi-D,30,1798179
Selangor,3501,5,4,Bungalow,1,2868867
Kuala Lumpur,4437,3,2,Bungalow,10,2529851
Penang,4231,6,1,Bungalow,11,2108087
Langkawi,1024,4,3,Apartment,13,434613
Kuala Lumpur,4322,5,3,Bungalow,1,2195354
Langkawi,2388,2,2,Semi-D,1,1490674
Langkawi,858,4,1,Apartment,3,551964
Langkawi,2181,1,1,Terrace,15,779295
Johor,4851,6,3,Bungalow,12,2929439
Langkawi,2524,3,2,Terrace,6,506847
Putrajaya,3281,1,1,Semi-D,11,2046107
Kuala Lumpur,4835,3,1,Bungalow,15,2211352
Johor,2130,1,1,Semi-D,7,1422066
Putrajaya,4606,6,5,Bungalow,10,2738314
Selangor,2840,4,4,Semi-D,26,1244538
Johor,1392,4,1,Terrace,12,863441
Penang,1432,5,3,Apartment,7,523516
Penang,2103,1,1,Terrace,12,657377
Putrajaya,3841,6,1,Bungalow,18,2842436
Johor,3973,2,2,Semi-D,23,1537421
Selangor,1188,1,1,Apartment,29,568738
Johor,1921,2,2,Terrace,2,523038
Selangor,2508,5,4,Terrace,15,634665
Johor,1324,4,3,Terrace,2,530968
Maleka,3973,3,3,Bungalow,23,2939570
Putrajaya,1395,5,4,Terrace,7,939880
Selangor,2752,2,2,Semi-D,27,921033
Johor,4556,6,5,Bungalow,13,2756034
Johor,2469,1,1,Terrace,24,786418
Langkawi,1201,4,4,Apartment,3,213609
Langkawi,4188,1,1,Bungalow,24,2034641
Johor,3162,5,1,Semi-D,5,1386172
Johor,2459,4,3,Terrace,14,410822
Langkawi,2059,5,1,Terrace,17,604708
Johor,2116,1,1,Terrace,12,368806
Johor,656,3,1,Apartment,11,277503
Penang,3480,4,1,Bungalow,2,3115011
Kuala Lumpur,2567,2,1,Terrace,1,546969
Penang,1378,5,4,Terrace,28,582278
Johor,4125,3,2,Bungalow,23,2435944
Maleka,2149,4,2,Semi-D,1,1834352
Putrajaya,4887,3,2,Bungalow,23,3035066
Johor,3998,2,1,Semi-D,22,1600714
Kuala Lumpur,2501,2,2,Semi-D,18,1500844
Maleka,2079,1,1,Terrace,6,799214
Johor,2924,3,2,Semi-D,21,859173
Langkawi,2951,4,1,Semi-D,30,1411898
Langkawi,1307,3,1,Apartment,14,407003
Putrajaya,1244,4,2,Apartment,30,359430
Kuala Lumpur,1265,2,1,Terrace,23,510913
Maleka,2987,3,1,Semi-D,10,1971645
Penang,1188,3,1,Apartment,7,676132
Maleka,2463,3,1,Terrace,5,825581
Selangor,3517,5,1,Semi-D,8,1222307
Kuala Lumpur,3447,3,2,Semi-D,30,1426402
Johor,3851,2,2,Semi-D,9,1240689
Langkawi,3628,4,3,Bungalow,21,2647336
Maleka,4810,1,1,Bungalow,29,2694606
Langkawi,1355,3,2,Apartment,11,408931
Langkawi,2680,1,1,Terrace,11,397616
Penang,3254,2,1,Semi-D,25,1392073
Putrajaya,3667,1,1,Bungalow,7,3307310
Johor,3087,2,1,Semi-D,11,1418519
Maleka,2950,3,1,Terrace,29,643406
Selangor,1307,3,2,Apartment,7,236801
Putrajaya,4379,5,4,Bungalow,3,1787906
Johor,1253,2,1,Terrace,13,709084
Maleka,2677,3,3,Terrace,1,778999
Kuala Lumpur,3576,5,3,Semi-D,3,1510653
Putrajaya,3360,3,2,Semi-D,30,1644671
Langkawi,4021,3,1,Bungalow,22,1840331
Maleka,3753,2,1,Semi-D,18,1258455
Selangor,2707,3,3,Terrace,7,341411
Maleka,4678,1,1,Bungalow,15,3004660
Maleka,4823,4,2,Bungalow,10,2518665
Johor,4172,1,1,Bungalow,14,2728093
Selangor,4894,5,5,Bungalow,7,2096621
Kuala Lumpur,4216,3,3,Bungalow,18,2436604
Langkawi,806,2,1,Apartment,20,401311
Langkawi,2566,1,1,Terrace,7,773200
Johor,4913,4,4,Bungalow,21,2277418
Penang,2619,5,1,Terrace,25,393430
Putrajaya,1667,3,3,Terrace,19,1008443
Putrajaya,1859,1,1,Terrace,2,834033
Johor,3829,2,2,Bungalow,28,2988150
Langkawi,2063,2,2,Terrace,18,546588
Johor,2245,3,3,Semi-D,8,1035576
Maleka,2052,1,1,Terrace,2,471247
Putrajaya,2511,1,1,Semi-D,15,1798645
Johor,563,2,1,Apartment,26,380378
Selangor,3119,5,1,Semi-D,26,1770271
Putrajaya,2589,5,5,Semi-D,26,1175049
Langkawi,3875,5,1,Semi-D,9,1339591
Selangor,2434,1,1,Terrace,15,629535
Putrajaya,3967,4,1,Semi-D,25,1704568
Maleka,3811,4,3,Semi-D,4,1707002
Penang,3373,5,5,Semi-D,19,1119821
Langkawi,2935,1,1,Terrace,26,346023
Langkawi,2375,1,1,Terrace,23,563182
Putrajaya,3461,1,1,Bungalow,3,1736222
Langkawi,1236,2,1,Apartment,15,582373
Selangor,2342,1,1,Terrace,12,411943
Putrajaya,2993,5,1,Terrace,22,534987
Maleka,2701,3,2,Terrace,30,537918
Johor,3688,3,2,Semi-D,19,1489236
Langkawi,623,2,2,Apartment,8,575960
Langkawi,786,3,3,Apartment,24,303084
Selangor,2346,3,2,Semi-D,26,1498876
Maleka,782,1,1,Apartment,16,244452
Kuala Lumpur,2799,2,1,Semi-D,13,1973164
Langkawi,4039,2,1,Bungalow,1,2617378
Selangor,3887,5,2,Semi-D,2,1158891
Putrajaya,3301,6,1,Bungalow,3,2411331
Johor,1387,1,1,Apartment,13,486022
Maleka,3751,5,5,Bungalow,9,1858952
Kuala Lumpur,4637,5,2,Bungalow,4,2657036
Putrajaya,3376,3,2,Semi-D,1,1258304
Selangor,4899,6,1,Bungalow,13,1990876
Johor,3384,6,3,Bungalow,17,2726889
Penang,1300,3,3,Apartment,14,356825
Putrajaya,4287,6,1,Bungalow,12,2908747
Johor,4974,2,2,Bungalow,23,1935458
Putrajaya,676,3,3,Apartment,3,563705
Maleka,4424,1,1,Bungalow,15,2432098
Penang,1566,5,2,Terrace,14,710863
Putrajaya,1676,4,2,Terrace,9,638557
Kuala Lumpur,1255,4,2,Apartment,10,705743
Langkawi,2292,5,4,Semi-D,6,1886425
Selangor,2494,1,1,Terrace,15,746828
Penang,1002,5,1,Apartment,24,435122
Maleka,2613,4,2,Terrace,5,338010
Langkawi,982,1,1,Apartment,22,346581
Kuala Lumpur,1282,3,1,Apartment,23,450135
Putrajaya,2260,4,3,Terrace,29,773695
Putrajaya,4712,4,1,Bungalow,1,3012686
Johor,2897,3,3,Semi-D,13,1466042
Penang,2471,5,4,Terrace,1,513973
Kuala Lumpur,1931,4,1,Terrace,26,1009783
Penang,3164,1,1,Semi-D,8,1919897
Langkawi,2911,4,2,Terrace,10,701781
Penang,3796,3,1,Semi-D,6,1756681
Langkawi,2811,5,3,Terrace,21,886979
Langkawi,2581,4,2,Terrace,7,491852
Penang,865,5,4,Apartment,25,674617
Putrajaya,2491,3,1,Terrace,13,784002
Maleka,3699,2,1,Semi-D,17,1362434
Langkawi,3098,2,2,Semi-D,2,1360525
Maleka,3784,1,1,Bungalow,22,2537431
Johor,1882,1,1,Terrace,5,850509
Kuala Lumpur,2661,3,1,Semi-D,22,1294843
Johor,4565,3,2,Bungalow,18,2678113
Penang,841,2,2,Apartment,0,348273
Penang,2163,4,3,Semi-D,16,1551380
Maleka,2921,2,2,Terrace,27,841700
Selangor,4521,4,2,Bungalow,11,2429973
Selangor,3206,1,1,Semi-D,18,1831647
Putrajaya,2885,3,3,Semi-D,23,1990518
Maleka,2938,5,2,Terrace,2,719079
Langkawi,4136,5,4,Bungalow,26,1731485
Johor,859,3,3,Apartment,8,573126
Putrajaya,970,1,1,Apartment,26,514787
Langkawi,3494,6,4,Bungalow,16,2984057
Langkawi,3956,5,1,Semi-D,4,1356640
Selangor,3041,2,1,Bungalow,14,1948402
Langkawi,4403,2,2,Bungalow,4,3068156
Langkawi,1386,3,3,Apartment,17,250029
Selangor,3059,3,3,Bungalow,9,2400473
Selangor,1027,1,1,Apartment,21,216968
Putrajaya,1302,3,1,Terrace,16,947486
Selangor,4749,2,2,Bungalow,19,1897233
Johor,2345,2,1,Terrace,11,411968
Langkawi,1392,3,1,Apartment,9,437761
Penang,3368,6,5,Bungalow,22,2863939
Penang,2501,2,1,Terrace,13,920651
Langkawi,955,3,2,Apartment,23,329437
Langkawi,2051,3,3,Terrace,17,535572
Penang,2360,5,1,Semi-D,4,1260994
Putrajaya,3106,4,3,Bungalow,4,1823846
Penang,1915,4,1,Terrace,21,532965
Penang,1251,1,1,Apartment,17,535392
Langkawi,615,3,3,Apartment,0,332800
Johor,4347,2,1,Bungalow,24,2799408
Penang,4228,1,1,Bungalow,14,2067520
Selangor,1120,5,1,Apartment,0,439947
Selangor,3649,1,1,Bungalow,2,3095000
Kuala Lumpur,3875,4,1,Bungalow,28,1846522
Langkawi,1446,5,1,Terrace,29,874486
Langkawi,2862,1,1,Terrace,28,395330
Maleka,1569,4,1,Terrace,28,621005
Johor,1320,1,1,Terrace,17,407232
Johor,4042,6,1,Bungalow,30,1937828
Maleka,633,3,1,Apartment,24,467297
Kuala Lumpur,1220,3,2,Terrace,4,877133
Penang,2186,5,4,Semi-D,16,1449474
Kuala Lumpur,1491,3,3,Apartment,3,603924
Maleka,4796,3,2,Bungalow,8,1694291
Selangor,1628,4,1,Terrace,17,810399
Selangor,2102,4,3,Terrace,17,386577
Putrajaya,1056,3,3,Apartment,30,356502
Langkawi,2622,3,2,Semi-D,25,1970580
Putrajaya,1687,3,3,Terrace,21,809809
Selangor,4922,4,3,Bungalow,12,1877154
Langkawi,1301,2,2,Apartment,26,369756
Johor,2321,1,1,Terrace,14,307659
Maleka,3375,6,1,Bungalow,11,2870963
Kuala Lumpur,3228,6,2,Bungalow,19,3283984
Selangor,3133,1,1,Bungalow,9,2206470
Putrajaya,4766,6,4,Bungalow,9,2755730
Penang,551,3,1,Apartment,15,554193
Selangor,3566,1,1,Bungalow,9,2848030
Kuala Lumpur,1472,5,1,Apartment,27,449444
Johor,1089,1,1,Apartment,6,404366
Maleka,3581,1,1,Semi-D,27,2006135
Penang,862,3,2,Apartment,29,581385
Penang,1972,3,3,Terrace,4,668937
Langkawi,709,5,5,Apartment,22,546835
Penang,1419,5,3,Terrace,15,639245
Maleka,3582,5,2,Bungalow,22,2594294
Selangor,676,2,1,Apartment,3,522599
Putrajaya,4814,5,2,Bungalow,3,2194704
Kuala Lumpur,1119,1,1,Apartment,0,422296
Putrajaya,1867,1,1,Terrace,10,655754
Langkawi,918,4,4,Apartment,17,488144
Langkawi,2952,4,2,Terrace,20,576340
Johor,4318,3,2,Bungalow,15,1812131
Langkawi,3794,5,5,Bungalow,29,2344191
Selangor,2551,4,2,Terrace,13,776447
Maleka,4149,2,1,Bungalow,27,2404032
Kuala Lumpur,2170,1,1,Semi-D,0,1681185
Kuala Lumpur,3167,5,4,Semi-D,15,1693382
Putrajaya,2673,5,3,Terrace,5,1001843
Putrajaya,871,1,1,Apartment,13,517801
Kuala Lumpur,3802,3,2,Semi-D,17,2070024
Kuala Lumpur,2677,2,2,Terrace,2,732167
Maleka,2448,3,3,Semi-D,28,1893520
Langkawi,1079,2,2,Apartment,3,414006
Selangor,2300,5,4,Terrace,15,529645
Putrajaya,1705,1,1,Terrace,30,751784
Penang,3195,1,1,Bungalow,8,1791039
Johor,2204,5,4,Terrace,21,314456
Penang,2273,4,3,Semi-D,11,1996190
Penang,1276,1,1,Terrace,25,954783
Penang,3168,3,3,Semi-D,11,2155777
Johor,887,2,1,Apartment,2,467628
Penang,3128,6,3,Bungalow,26,3029494
Johor,891,2,1,Apartment,3,583161
Putrajaya,2766,2,2,Terrace,21,579725
Maleka,3715,4,2,Bungalow,12,1935702
Penang,3591,1,1,Semi-D,19,1693996
Penang,978,1,1,Apartment,7,599067
Kuala Lumpur,1144,1,1,Apartment,22,576034
Maleka,3063,2,2,Bungalow,8,2780050
Johor,4773,3,2,Bungalow,10,2776935
Penang,1839,1,1,Terrace,29,839345
Langkawi,3166,6,3,Bungalow,10,2053202
Putrajaya,2776,1,1,Semi-D,30,1863372
Selangor,2568,2,1,Semi-D,28,1952102
Maleka,2404,2,2,Semi-D,12,1715068
Langkawi,1549,2,1,Terrace,18,767559
Langkawi,838,2,2,Apartment,22,273337
Kuala Lumpur,958,5,1,Apartment,17,693271
Langkawi,2562,2,2,Terrace,4,687415
Johor,3613,5,3,Semi-D,5,1702257
Kuala Lumpur,3447,2,1,Semi-D,27,1244534
Kuala Lumpur,822,2,1,Apartment,10,763287
Selangor,2429,3,2,Terrace,20,600548
Johor,557,1,1,Apartment,13,189258
Langkawi,1192,4,2,Apartment,4,468934
Maleka,1110,5,1,Apartment,6,186091
Kuala Lumpur,1172,5,3,Apartment,11,643267
Johor,2818,1,1,Terrace,26,718714
Maleka,3528,5,3,Semi-D,3,2003677
Johor,4923,3,1,Bungalow,22,2975546
Kuala Lumpur,3163,1,1,Bungalow,29,1951391
Johor,2966,3,1,Semi-D,5,1852015
Penang,1931,1,1,Terrace,1,684041
Maleka,4174,6,4,Bungalow,7,1751966
Kuala Lumpur,1061,2,1,Apartment,28,489918
Langkawi,898,3,3,Apartment,22,279111
Penang,3344,3,3,Semi-D,20,1601301
Johor,4735,2,1,Bungalow,5,1934128
Maleka,4727,2,2,Bungalow,7,2238774
Penang,4646,4,1,Bungalow,15,2749906
Johor,3052,2,1,Semi-D,11,1606999
Selangor,2767,4,4,Terrace,22,658772
Selangor,3833,2,1,Bungalow,9,2068231
Penang,3862,2,1,Semi-D,27,1267724
Selangor,1888,4,4,Terrace,26,563604
Maleka,3393,3,3,Semi-D,28,1548436
Penang,674,4,3,Apartment,15,574073
Selangor,4909,6,6,Bungalow,9,1806487
Selangor,632,4,4,Apartment,7,286284
Kuala Lumpur,1294,5,5,Terrace,0,589544
Selangor,3818,5,3,Bungalow,27,1984031
Langkawi,948,2,1,Apartment,25,414913
Penang,2427,3,1,Terrace,28,535524
Johor,534,5,5,Apartment,5,363467
Kuala Lumpur,1223,5,2,Apartment,5,291457
Kuala Lumpur,3737,1,1,Semi-D,27,1260982
Maleka,1678,4,3,Terrace,28,565028
Selangor,1227,4,1,Apartment,28,434954
Putrajaya,2596,5,2,Semi-D,10,1358983
Kuala Lumpur,3811,1,1,Bungalow,10,2112810
Johor,772,1,1,Apartment,9,377265
Putrajaya,3801,3,2,Semi-D,6,1580011
Maleka,3326,1,1,Semi-D,6,1496147
Langkawi,1996,4,3,Terrace,8,381771
Johor,2760,1,1,Semi-D,7,930849
Penang,4513,3,1,Bungalow,12,2069677
Langkawi,3817,1,1,Bungalow,9,2399446
Kuala Lumpur,1211,4,1,Apartment,19,368400
Penang,3937,6,2,Bungalow,6,2558713
Maleka,4651,5,1,Bungalow,5,2369234
Penang,3217,2,1,Semi-D,26,1257494
Selangor,2905,2,2,Semi-D,4,1197634
Putrajaya,3016,6,2,Bungalow,30,2734820
Maleka,4715,6,5,Bungalow,9,2454923
Selangor,3275,3,1,Semi-D,17,899316
Kuala Lumpur,2841,1,1,Semi-D,17,1877377
Maleka,2977,3,2,Terrace,26,449871
Penang,1937,3,3,Terrace,26,627779
Putrajaya,1472,1,1,Apartment,4,530683
Langkawi,4920,4,2,Bungalow,2,1894967
Johor,3128,2,1,Semi-D,1,1571845
Kuala Lumpur,2019,1,1,Terrace,18,495064
Langkawi,592,1,1,Apartment,28,238472
Langkawi,3550,3,2,Bungalow,20,1704578
Langkawi,1835,3,2,Terrace,12,685541
Selangor,686,5,1,Apartment,29,452393
Putrajaya,3310,3,3,Bungalow,7,1829890
Maleka,4801,6,1,Bungalow,20,1740179
Penang,3670,5,2,Bungalow,16,2770340
Johor,2686,2,2,Terrace,4,809271
Johor,3277,6,4,Bungalow,3,2207350
Selangor,3802,4,4,Semi-D,19,2031416
Putrajaya,2921,3,3,Terrace,5,525985
Kuala Lumpur,2214,4,2,Semi-D,3,1071354
Johor,2851,3,3,Terrace,7,460352
Johor,1307,2,2,Apartment,0,331507
Kuala Lumpur,945,5,5,Apartment,27,405634
Johor,508,1,1,Apartment,10,380122
Maleka,3188,1,1,Semi-D,10,1023311
Maleka,2373,3,3,Semi-D,1,1312606
Kuala Lumpur,1046,4,4,Apartment,9,379222
Johor,1170,2,1,Apartment,18,352458
Penang,4610,4,3,Bungalow,14,2618557
Johor,3035,4,1,Bungalow,27,2484323
Langkawi,1234,4,4,Terrace,3,407381
Putrajaya,2092,2,2,Semi-D,21,1794419
Putrajaya,2269,1,1,Terrace,23,513041
Maleka,3096,1,1,Bungalow,28,2578261
Penang,2407,3,2,Semi-D,21,1636062
Langkawi,567,2,2,Apartment,25,492865
Selangor,3493,1,1,Semi-D,28,1514777
Kuala Lumpur,1278,4,3,Terrace,6,590551
Johor,1022,1,1,Apartment,1,154872
Langkawi,3794,4,3,Bungalow,30,2020545
Penang,2394,3,2,Terrace,11,940394
Penang,4349,3,1,Bungalow,15,2827505
Langkawi,2615,4,4,Semi-D,8,993687
Kuala Lumpur,2428,4,3,Semi-D,18,2071116
Putrajaya,2075,3,3,Semi-D,30,1399596
Kuala Lumpur,3783,1,1,Bungalow,12,2028279
Kuala Lumpur,3066,3,2,Bungalow,1,2809903
Johor,3642,3,3,Semi-D,26,2095931
Johor,3078,5,3,Semi-D,28,1597925
Selangor,4324,1,1,Bungalow,8,2544968
Langkawi,753,3,2,Apartment,3,497365
Selangor,3408,2,1,Semi-D,14,1015349
Langkawi,1241,2,2,Apartment,8,544503
Selangor,2832,1,1,Terrace,20,805825
Selangor,685,2,2,Apartment,3,297856
Maleka,2300,3,3,Semi-D,7,1634593
Johor,788,1,1,Apartment,18,246232
Putrajaya,3286,2,2,Bungalow,22,2807889
Putrajaya,3416,5,4,Bungalow,21,3068634
Penang,1533,2,2,Terrace,15,898436
Langkawi,2369,5,5,Terrace,21,854425
Penang,4526,2,2,Bungalow,7,2065502
Maleka,873,1,1,Apartment,3,339373
Langkawi,3600,3,3,Semi-D,26,1552357
Selangor,2163,2,2,Terrace,8,728830
Langkawi,2857,5,5,Terrace,4,328562
Langkawi,1730,3,3,Terrace,19,898435
Kuala Lumpur,1416,5,3,Terrace,1,905732
Langkawi,3934,3,3,Bungalow,13,1896631
Putrajaya,3899,5,3,Bungalow,29,2317063
Selangor,3920,6,3,Bungalow,16,1898714
Kuala Lumpur,4151,5,1,Bungalow,13,2865655
Maleka,3700,3,3,Semi-D,29,1309318
Langkawi,524,3,3,Apartment,3,174997
Selangor,3483,1,1,Bungalow,10,2326694
Penang,772,4,4,Apartment,13,410287
Selangor,4307,3,2,Bungalow,12,2710277
Putrajaya,1716,3,2,Terrace,10,610229
Johor,1328,2,2,Terrace,7,636848
Selangor,892,3,3,Apartment,28,384811
Maleka,1228,5,4,Apartment,26,376400
Langkawi,3584,5,1,Semi-D,4,1545655
Selangor,2050,1,1,Semi-D,17,1912056
Johor,3714,3,3,Semi-D,17,1487796
Johor,3710,3,3,Bungalow,21,1591720
Putrajaya,2423,4,4,Terrace,30,736897
Langkawi,3776,5,3,Bungalow,23,2261796
Maleka,1452,1,1,Terrace,23,647984
Selangor,4757,6,3,Bungalow,26,1773948
Kuala Lumpur,1290,5,4,Terrace,1,533234
Penang,4324,4,2,Bungalow,18,2975992
Kuala Lumpur,3817,4,2,Semi-D,20,1519712
Kuala Lumpur,3412,1,1,Semi-D,22,1748778
Kuala Lumpur,2317,5,4,Semi-D,1,1283398
Putrajaya,1415,2,2,Apartment,21,665498
Selangor,3099,2,1,Semi-D,0,1389457
Putrajaya,693,2,2,Apartment,28,576625
Penang,4716,3,2,Bungalow,13,1937550
Langkawi,2235,1,1,Terrace,24,707060
Selangor,878,5,5,Apartment,11,595776
Kuala Lumpur,3562,4,4,Semi-D,29,1358332
Maleka,2229,3,1,Terrace,23,628571
Langkawi,4133,5,4,Bungalow,16,2759923
Kuala Lumpur,4312,4,1,Bungalow,28,1974285
Maleka,4197,4,2,Bungalow,30,1860646
Selangor,1104,5,5,Apartment,9,458687
Selangor,1541,2,2,Terrace,13,353008
Johor,2184,2,1,Semi-D,25,1593201
Penang,617,3,3,Apartment,11,519560
Johor,2578,5,5,Terrace,6,752224
Maleka,1976,4,3,Terrace,17,751931
Johor,2523,2,2,Semi-D,21,1621202
Penang,1796,1,1,Terrace,7,760817
Kuala Lumpur,1355,4,1,Terrace,13,411793
Putrajaya,3522,1,1,Bungalow,24,1960775
Maleka,2069,5,3,Terrace,9,390308
Kuala Lumpur,3630,3,1,Bungalow,4,2488118
Johor,1234,3,2,Terrace,28,375617
Maleka,1344,5,5,Apartment,14,437988
Maleka,2201,4,4,Terrace,8,836915
Maleka,1402,5,1,Apartment,25,363341
Langkawi,4229,1,1,Bungalow,2,1775048
Kuala Lumpur,1317,1,1,Apartment,28,631771
Langkawi,3171,4,2,Bungalow,21,2263557
Kuala Lumpur,1214,2,2,Terrace,15,384040
Putrajaya,2516,4,2,Terrace,4,624912
Putrajaya,3366,3,2,Semi-D,25,1564880
Langkawi,3868,6,2,Bungalow,14,2334543
Selangor,2268,4,2,Semi-D,14,1248795
Penang,2813,2,1,Terrace,11,816982
Maleka,2717,3,1,Semi-D,28,1062269
Kuala Lumpur,3793,2,2,Bungalow,20,2935027
Johor,2500,3,1,Semi-D,9,1594001
Langkawi,3877,1,1,Semi-D,12,1726963
Putrajaya,2791,2,1,Semi-D,26,1225443
Selangor,2869,5,3,Terrace,8,377687
Penang,3487,4,1,Semi-D,7,1781250
Kuala Lumpur,1773,3,1,Terrace,28,959815
Selangor,3637,4,4,Semi-D,2,956084
Langkawi,3269,6,2,Bungalow,26,1896252
Langkawi,2273,4,1,Semi-D,28,1619805
Penang,1109,1,1,Apartment,15,737083
Putrajaya,2082,1,1,Terrace,7,893548
Langkawi,3548,6,4,Bungalow,19,3086125
Selangor,2250,3,3,Terrace,3,826420
Penang,1199,5,2,Apartment,25,344549
Langkawi,3111,3,1,Bungalow,30,2078133
Maleka,1114,3,2,Apartment,30,389252
Johor,1094,3,3,Apartment,30,181343
Langkawi,860,2,2,Apartment,6,390766
Kuala Lumpur,2847,4,3,Terrace,27,764366
Penang,3177,3,3,Semi-D,28,1136721
Maleka,1431,1,1,Apartment,7,442251
Johor,3067,3,1,Semi-D,30,1009242
Langkawi,1450,5,1,Apartment,20,486748
Maleka,3448,3,2,Bungalow,22,2576733
Penang,4911,1,1,Bungalow,23,3172062
Johor,1499,4,1,Terrace,12,353351
Maleka,4712,1,1,Bungalow,17,1699706
Langkawi,1379,2,2,Apartment,11,588439
Johor,646,4,2,Apartment,0,223720
Selangor,4342,2,1,Bungalow,14,2935840
Langkawi,2913,5,4,Terrace,11,441215
Penang,2614,2,2,Terrace,8,612586
Langkawi,2162,5,2,Terrace,17,889487
Johor,3000,1,1,Terrace,14,437376
Johor,2330,3,2,Semi-D,22,1133069
Penang,519,1,1,Apartment,23,729380
Johor,3591,2,1,Bungalow,1,2619318
Kuala Lumpur,1831,5,1,Terrace,9,447239
Penang,3977,3,3,Bungalow,26,2894911
Langkawi,4101,3,2,Bungalow,22,1809946
Selangor,2196,4,4,Semi-D,18,1404285
Selangor,1974,2,2,Terrace,19,438467
Maleka,4279,2,2,Bungalow,20,2063926
Maleka,2633,4,3,Terrace,16,603308
Putrajaya,4009,6,6,Bungalow,16,2620477
Langkawi,1270,5,5,Apartment,11,231089
Penang,2091,5,5,Terrace,7,966509
Kuala Lumpur,4847,2,1,Bungalow,6,2564190
Kuala Lumpur,2815,5,3,Semi-D,6,1072030
Selangor,1312,4,4,Apartment,8,266732
Selangor,4106,5,2,Bungalow,26,2722698
Johor,2531,1,1,Terrace,0,493066
Kuala Lumpur,2521,4,3,Terrace,26,786906
Penang,3152,6,5,Bungalow,19,3059175
Kuala Lumpur,3419,6,2,Bungalow,10,2704972
Penang,2996,4,2,Semi-D,21,1149436
Langkawi,4848,4,4,Bungalow,14,2668400
Langkawi,4634,6,6,Bungalow,25,2072334
Johor,3133,4,2,Semi-D,26,1146012
Putrajaya,2091,1,1,Terrace,19,635121
Selangor,2280,1,1,Terrace,4,646312
Kuala Lumpur,1159,5,1,Apartment,25,420247
Langkawi,1495,1,1,Apartment,26,343463
Penang,2829,3,1,Semi-D,2,2012641
Penang,3374,1,1,Semi-D,7,1924383
Maleka,1195,5,3,Apartment,10,157056
Kuala Lumpur,3710,2,1,Semi-D,29,1592306
Penang,4950,3,2,Bungalow,9,2920919
Putrajaya,3700,4,1,Semi-D,3,1348921
Selangor,2416,5,1,Terrace,6,324472
Kuala Lumpur,970,1,1,Apartment,14,383091
Maleka,4746,1,1,Bungalow,18,2923696
Penang,2901,2,1,Terrace,0,518291
Langkawi,742,3,2,Apartment,24,435951
Penang,1866,5,4,Terrace,19,838422
Johor,1369,3,3,Apartment,10,448804
Langkawi,1094,2,2,Apartment,3,297760
Putrajaya,1181,1,1,Apartment,11,582772
Kuala Lumpur,4420,5,2,Bungalow,3,1909237
Maleka,3445,2,2,Semi-D,17,1576954
Putrajaya,2419,4,2,Terrace,24,721541
Putrajaya,2374,4,2,Terrace,18,878076
Johor,3975,3,1,Semi-D,9,1641757
Putrajaya,927,3,1,Apartment,10,582534
Putrajaya,3154,3,3,Semi-D,10,1937449
Penang,3694,1,1,Semi-D,2,2047229
Kuala Lumpur,1152,3,3,Apartment,11,357435
Langkawi,2443,5,4,Semi-D,9,1854632
Kuala Lumpur,2609,5,2,Terrace,10,441743
Johor,3579,4,1,Semi-D,26,1482363
Maleka,3350,2,2,Bungalow,27,2900334
Johor,3339,2,1,Semi-D,12,1432194
Maleka,4102,5,1,Bungalow,24,2801637
Kuala Lumpur,4823,1,1,Bungalow,11,2462408
Kuala Lumpur,987,1,1,Apartment,6,697824
Kuala Lumpur,776,1,1,Apartment,3,513185
Kuala Lumpur,3972,6,1,Bungalow,16,2456370
Selangor,4740,1,1,Bungalow,15,2885457
Johor,2024,2,2,Terrace,30,584297
Penang,2516,3,1,Terrace,4,637830
Kuala Lumpur,1706,4,1,Terrace,8,907988
Langkawi,3895,4,2,Semi-D,12,1241721
Penang,4195,3,1,Bungalow,30,2565616
Putrajaya,3406,3,2,Semi-D,16,1508222
Penang,1946,2,2,Terrace,22,854338
Putrajaya,2127,1,1,Semi-D,22,959062
Langkawi,1478,4,4,Apartment,17,476419
Selangor,4593,4,2,Bungalow,10,2011544
Penang,2796,3,2,Terrace,11,382785
Langkawi,2901,4,3,Terrace,20,492220
Kuala Lumpur,3658,5,5,Semi-D,2,2019314
Langkawi,4416,5,2,Bungalow,28,2073852
Langkawi,1564,5,2,Terrace,25,401788
Langkawi,2628,1,1,Terrace,9,489528
Maleka,3622,3,3,Semi-D,28,1842087
Langkawi,2594,2,2,Semi-D,25,1707148
Kuala Lumpur,3745,2,2,Bungalow,14,2875221
Kuala Lumpur,3869,1,1,Semi-D,5,1771185
Kuala Lumpur,2572,3,1,Semi-D,13,1810284
Selangor,3236,5,2,Semi-D,18,1963534
Langkawi,1717,2,1,Terrace,20,579297
Johor,4337,2,1,Bungalow,27,2507236
Kuala Lumpur,896,3,1,Apartment,13,381796
Kuala Lumpur,4798,6,6,Bungalow,30,2008487
Kuala Lumpur,1010,1,1,Apartment,18,577445
Langkawi,2167,3,1,Terrace,20,668751
Maleka,4734,5,2,Bungalow,10,2707859
Penang,1130,4,4,Apartment,27,619083
Penang,1342,1,1,Terrace,8,807892
Maleka,2236,1,1,Semi-D,1,1909365
Langkawi,3850,5,4,Semi-D,12,1400735
Penang,3996,3,2,Semi-D,22,1492645
Kuala Lumpur,2630,3,2,Terrace,21,565617
Maleka,837,4,4,Apartment,11,155942
Selangor,1494,3,3,Apartment,24,490097
Penang,3891,2,1,Bungalow,23,1945318
Selangor,1416,1,1,Apartment,20,515038
Penang,2902,2,2,Semi-D,2,1425275
Langkawi,4492,6,5,Bungalow,25,2868559
Penang,4245,4,3,Bungalow,27,2159439
Kuala Lumpur,1497,2,2,Terrace,13,976787
Maleka,3015,3,3,Semi-D,16,1398677
Penang,1226,1,1,Apartment,0,264401
Penang,2480,1,1,Semi-D,26,983671
Penang,3335,5,1,Bungalow,23,1763561
Maleka,2723,4,2,Terrace,22,468485
Kuala Lumpur,529,2,2,Apartment,0,371475
Langkawi,1166,5,2,Apartment,14,360495
Putrajaya,1662,5,4,Terrace,27,961136
Langkawi,2355,5,4,Semi-D,23,1872763
Penang,4506,2,2,Bungalow,19,3065342
Johor,3994,4,3,Bungalow,8,2735164
Johor,2695,2,1,Semi-D,11,834401
Putrajaya,1595,1,1,Terrace,24,957502
Langkawi,1381,2,1,Apartment,3,354589
Maleka,4795,1,1,Bungalow,7,2784799
Putrajaya,3695,1,1,Semi-D,13,1436622
Penang,3177,5,5,Bungalow,29,1849270
Penang,554,5,1,Apartment,29,350716
Putrajaya,4178,6,3,Bungalow,26,1744496
Langkawi,3441,6,4,Bungalow,10,2388660
Penang,3651,3,1,Bungalow,27,2928775
Putrajaya,4361,5,4,Bungalow,2,2697429
Kuala Lumpur,732,3,1,Apartment,26,614049
Putrajaya,1944,4,1,Terrace,23,913308
Johor,513,5,1,Apartment,8,355654
Maleka,1165,1,1,Apartment,24,207567
Selangor,837,4,4,Apartment,22,386818
Johor,3504,3,2,Semi-D,14,1727368
Johor,3067,4,3,Bungalow,4,1755991
Penang,1453,4,1,Apartment,24,597549
Putrajaya,2939,4,2,Semi-D,24,1430613
Langkawi,3233,2,1,Semi-D,22,1257906
Johor,625,3,3,Apartment,25,422776
Penang,2819,1,1,Semi-D,27,944795
Putrajaya,3461,3,3,Semi-D,7,1832826
Johor,1350,1,1,Terrace,1,557009
Penang,2519,4,1,Semi-D,12,1234429
Selangor,1534,2,2,Terrace,5,651583
Penang,1485,5,5,Terrace,1,649531
Penang,3066,2,1,Semi-D,1,1270794
Putrajaya,4737,2,2,Bungalow,2,2162823
Langkawi,2888,5,3,Terrace,29,371604
Selangor,3561,5,2,Bungalow,12,2003051
Johor,3269,4,3,Bungalow,8,1846354
Kuala Lumpur,1650,5,2,Terrace,18,547521
Selangor,1321,3,2,Apartment,3,473916
Maleka,1188,4,1,Apartment,28,278803
Selangor,2493,3,3,Terrace,2,681287
Johor,3243,5,3,Semi-D,17,1622169
Johor,2353,5,4,Terrace,12,607536
Johor,1274,5,2,Apartment,29,437431
Kuala Lumpur,1972,2,1,Terrace,20,761812
Johor,4012,6,6,Bungalow,18,2705251
Langkawi,2916,4,4,Terrace,18,710132
Kuala Lumpur,753,2,1,Apartment,27,654448
Penang,4894,1,1,Bungalow,20,2252728
Selangor,2637,4,3,Semi-D,2,1252867
Maleka,1280,3,2,Apartment,23,227264
Johor,1230,4,3,Apartment,10,386306
Putrajaya,919,5,4,Apartment,26,339447
Putrajaya,2438,4,2,Semi-D,28,1829855
Johor,1323,5,2,Apartment,21,420438
Langkawi,1151,5,3,Apartment,24,573809
Penang,3074,1,1,Semi-D,4,2093780
Selangor,3824,2,1,Semi-D,25,1890791
Penang,1691,4,2,Terrace,9,938120
Maleka,960,4,4,Apartment,28,465023
Kuala Lumpur,2013,3,1,Terrace,2,617000
Maleka,3203,5,1,Semi-D,10,1577305
Maleka,982,4,1,Apartment,28,502025
Selangor,1888,3,2,Terrace,14,323737
Johor,4349,5,3,Bungalow,0,3104922
Langkawi,1076,5,1,Apartment,12,431913
Selangor,2747,2,2,Semi-D,1,1841946
Kuala Lumpur,4416,5,1,Bungalow,2,2559494
Kuala Lumpur,3601,1,1,Semi-D,18,1770295
Selangor,2228,4,2,Semi-D,29,815096
Johor,2833,4,1,Semi-D,2,1918079
Selangor,3412,2,2,Bungalow,13,2569037
Maleka,4534,5,1,Bungalow,24,1806689
Putrajaya,3460,2,2,Bungalow,1,2376574
Selangor,2779,3,2,Semi-D,12,1493772
Langkawi,909,2,2,Apartment,6,405893
Maleka,4577,4,2,Bungalow,19,2801043
Johor,865,5,3,Apartment,28,523941
Penang,3107,1,1,Bungalow,6,2904732
Putrajaya,852,5,2,Apartment,14,306470
Langkawi,1213,5,2,Terrace,5,465459
Kuala Lumpur,3980,4,1,Bungalow,23,3239808
Maleka,2355,3,2,Semi-D,4,1454473
Putrajaya,1378,2,2,Apartment,22,661031
Selangor,3156,5,3,Semi-D,13,1552413
Maleka,3910,1,1,Bungalow,8,2840100
Penang,3439,2,1,Bungalow,6,3240668
Penang,887,5,1,Apartment,25,275448
Maleka,1112,5,4,Apartment,5,545044
Kuala Lumpur,814,5,4,Apartment,27,571698
Johor,3012,5,5,Bungalow,3,3068041
Selangor,3073,3,2,Bungalow,17,2642606
Johor,2480,2,1,Semi-D,4,1311808
Langkawi,1320,2,2,Apartment,21,495626
Langkawi,3860,2,1,Bungalow,8,2402553
Langkawi,4428,6,4,Bungalow,12,2846819
Kuala Lumpur,4510,4,4,Bungalow,12,1948403
Putrajaya,1409,4,2,Terrace,23,979175
Penang,2363,2,2,Semi-D,26,1710640
Kuala Lumpur,3401,6,2,Bungalow,16,2825474
Kuala Lumpur,2219,5,1,Terrace,28,717339
Selangor,1037,4,3,Apartment,2,379076
Johor,1431,3,2,Apartment,22,420180
Putrajaya,510,3,3,Apartment,28,492573
Maleka,3459,1,1,Semi-D,15,1363242
Langkawi,3415,2,1,Semi-D,20,1643678
Penang,2131,1,1,Semi-D,9,1865751
Penang,1286,4,4,Apartment,26,671719
Langkawi,732,2,1,Apartment,3,393778
Penang,559,3,1,Apartment,24,757973
Maleka,1494,1,1,Apartment,22,481919
Kuala Lumpur,742,5,4,Apartment,20,257523
Johor,4642,2,1,Bungalow,9,2972577
Selangor,3306,2,2,Bungalow,2,1840793
Maleka,4720,5,4,Bungalow,23,2989687
Selangor,2292,1,1,Terrace,4,577935
Kuala Lumpur,4217,2,1,Bungalow,12,2367357
Maleka,2044,3,2,Terrace,30,818793
Kuala Lumpur,3889,6,6,Bungalow,26,2343206
Langkawi,1468,3,1,Apartment,13,318881
Selangor,3024,2,1,Semi-D,9,1331662
Kuala Lumpur,1509,4,3,Terrace,16,569966
Penang,971,2,1,Apartment,5,482075
Putrajaya,1033,3,3,Apartment,30,668709
Kuala Lumpur,1330,1,1,Terrace,21,778133
Putrajaya,3270,2,1,Bungalow,19,2690582
Langkawi,4743,1,1,Bungalow,14,2114557
Maleka,1344,3,2,Terrace,8,564414
Johor,1724,2,2,Terrace,15,780486
Selangor,1738,5,3,Terrace,6,719044
Putrajaya,2907,3,1,Terrace,29,921478
Maleka,3685,5,2,Semi-D,3,1625523
Putrajaya,3596,3,2,Semi-D,4,1280563
Langkawi,1036,2,1,Apartment,13,537355
Johor,762,3,3,Apartment,13,371599
Maleka,1361,2,1,Apartment,27,421215
Langkawi,3334,4,1,Semi-D,27,2058224
Langkawi,2023,4,2,Terrace,3,475019
Langkawi,1841,5,3,Terrace,17,887964
Selangor,979,2,1,Apartment,13,499009
Maleka,1304,1,1,Terrace,26,567356
Langkawi,1466,1,1,Apartment,28,434089
Langkawi,1596,2,1,Terrace,16,769504
Penang,3736,5,5,Semi-D,13,1091312
Kuala Lumpur,961,4,4,Apartment,15,731033
Putrajaya,4085,6,6,Bungalow,9,3014204
Penang,2922,2,2,Semi-D,15,1072675
Maleka,2634,2,2,Semi-D,15,1363216
Langkawi,512,2,1,Apartment,22,385845
Penang,4268,4,4,Bungalow,1,2720039
Penang,3743,2,1,Bungalow,19,2756172
Kuala Lumpur,3743,2,2,Bungalow,8,2357630
Selangor,4812,1,1,Bungalow,18,2483579
Putrajaya,3980,6,3,Bungalow,8,2436928
Maleka,1659,5,2,Terrace,28,852714
Putrajaya,4160,5,1,Bungalow,28,2466686
